{
  "stiff_success": false,
  "impedance_success": true,
  "stiff_peak_contact_force_n": 56.96026326334773,
  "impedance_peak_contact_force_n": 36.52514665568311,
  "impedance_insertion_time_s": 0.7820000000000006
}